{
  "extends": "default",
  "schoolName": "Pacific Oaks College",
  "programName": null,
  "overrideSections": [
    {
      "name": "Academic Information",
      "fields": [
        {
          "apiName": "Highest_HS_GPA__c",
          "label": "Highest High School GPA"
        },
        {
          "apiName": "Highest_College_GPA__c",
          "label": "Highest College GPA"
        },
        {
          "apiName": "Cumulative_GPA__c",
          "label": "Cumulative GPA"
        },
        {
          "apiName": "Verified_GPA_Blank__c",
          "label": "Verified GPA"
        },
        {
          "apiName": "First_Generation_Student__c",
          "label": "First Generation Student"
        },
        {
          "apiName": "Seeking_Transfer_Credit__c",
          "label": "Seeking Transfer Credit"
        },
        {
          "apiName": "Enrolled_in_AA_T_or_AS_T_degree_transfer__c",
          "label": "Enrolled in AA-T or AS-T degree transfer"
        },
        {
          "apiName": "Initiating_Articulation_Agreement__c",
          "label": "Initiating Articulation Agreement"
        },
        {
          "apiName": "Graduate_Level_Program__c",
          "label": "Graduate Level Program"
        },
        {
          "apiName": "Full_Part_Time__c",
          "label": "Full/Part Time"
        },
        {
          "apiName": "LACOE_Student__c",
          "label": "LACOE Student"
        }
      ]
    },
    {
      "name": "Additional Information",
      "fields": [
        {
          "apiName": "International_Student__c",
          "label": "International Student"
        },
        {
          "apiName": "Has_Previously_Applied__c",
          "label": "Has Previously Applied"
        },
        {
          "apiName": "How_did_you_hear_about_us__c",
          "label": "How did you hear about us?"
        },
        {
          "apiName": "Character_Statement_Needed__c",
          "label": "Character Statement Needed"
        },
        {
          "apiName": "Manually_Trigger_Checklist_Items__c",
          "label": "Manually Trigger Checklist Items"
        },
        {
          "apiName": "Conviction__c",
          "label": "Conviction"
        },
        {
          "apiName": "Acknowledge_Statement_Signature__c",
          "label": "Acknowledge Statement Signature"
        },
        {
          "apiName": "ProgramTermApplnTimeline__c",
          "label": "Program Term Application Timeline"
        }
      ]
    }
  ]
}
