{
  "extends": "default",
  "schoolName": "University of Western States",
  "programName": null,
  "overrideSections": [
    {
      "name": "Academic Information",
      "fields": [
        {
          "apiName": "Highest_HS_GPA__c",
          "label": "Highest High School GPA"
        },
        {
          "apiName": "Highest_College_GPA__c",
          "label": "Highest College GPA"
        },
        {
          "apiName": "Cumulative_GPA__c",
          "label": "Cumulative GPA"
        },
        {
          "apiName": "Verified_GPA_Blank__c",
          "label": "Verified GPA"
        },
        {
          "apiName": "First_Generation_Student__c",
          "label": "First Generation Student"
        },
        {
          "apiName": "Seeking_Transfer_Credit__c",
          "label": "Seeking Transfer Credit"
        },
        {
          "apiName": "Enrolled_in_AA_T_or_AS_T_degree_transfer__c",
          "label": "Enrolled in AA-T or AS-T degree transfer"
        },
        {
          "apiName": "Initiating_Articulation_Agreement__c",
          "label": "Initiating Articulation Agreement"
        },
        {
          "apiName": "Graduate_Level_Program__c",
          "label": "Graduate Level Program"
        },
        {
          "apiName": "Full_Part_Time__c",
          "label": "Full/Part Time"
        },
        {
          "apiName": "Has_Bachelors__c",
          "label": "Has Bachelors"
        },
        {
          "apiName": "Pursue_BS_Human_Bio__c",
          "label": "Pursue BS Human Bio"
        },
        {
          "apiName": "Graduated_from_Prior_Degree_Program__c",
          "label": "Graduated from Prior Degree Program"
        },
        {
          "apiName": "Current_Student__c",
          "label": "Current Student"
        },
        {
          "apiName": "Wish_to_Withdraw__c",
          "label": "Wish to Withdraw"
        }
      ]
    },
    {
      "name": "Additional Information",
      "fields": [
        {
          "apiName": "International_Student__c",
          "label": "International Student"
        },
        {
          "apiName": "Has_Previously_Applied__c",
          "label": "Has Previously Applied"
        },
        {
          "apiName": "How_did_you_hear_about_us__c",
          "label": "How did you hear about us?"
        },
        {
          "apiName": "Character_Statement_Needed__c",
          "label": "Character Statement Needed"
        },
        {
          "apiName": "Manually_Trigger_Checklist_Items__c",
          "label": "Manually Trigger Checklist Items"
        },
        {
          "apiName": "Conviction__c",
          "label": "Conviction"
        },
        {
          "apiName": "Conviction_Detail__c",
          "label": "Conviction Detail"
        },
        {
          "apiName": "Academic_Sanction__c",
          "label": "Academic Sanction"
        },
        {
          "apiName": "Academic_Sanction_Detail__c",
          "label": "Academic Sanction Detail"
        },
        {
          "apiName": "Acknowledge_Statement_Signature__c",
          "label": "Acknowledge Statement Signature"
        },
        {
          "apiName": "ProgramTermApplnTimeline__c",
          "label": "Program Term Application Timeline"
        }
      ]
    }
  ],
  "addSections": [
    {
      "name": "UWS-Specific Information",
      "fields": [
        {
          "apiName": "Relative_Attended__c",
          "label": "Relative Attended"
        },
        {
          "apiName": "Relationship_to_Attending_Relative__c",
          "label": "Relationship to Attending Relative"
        },
        {
          "apiName": "Relative_Employed__c",
          "label": "Relative Employed"
        },
        {
          "apiName": "Relationship_to_Employed_Relative__c",
          "label": "Relationship to Employed Relative"
        }
      ]
    }
  ]
}
